INSERT INTO Test (test_id, test_type)
VALUES (1, 1),(2, 0);

INSERT INTO Question (question_id, question_number, question_text)
VALUES (1, 1, N'У вас был день, полный неудач и разочарований. Как проведёте вечер?'),
       (2, 2, N'Вы пришли к психологу. Он задаёт вопрос: «Какое из двух утверждений описывает вас точнее?» Выбирайте.'),
       (3, 3, N'Вам предложили переехать в мегаполис. Теперь вы в раздумьях. В крупном городе больше возможностей, зато там, где вы живёте сейчас, ваши близкие и уютный дом. Как будете принимать непростое решение?'),
       (4, 4, N'Через месяц у вас долгожданный отпуск, ура! Как к нему готовитесь?'),
       (5, 5, N'В компании (на вечеринке) Вы:'),
       (6, 6, N'Вы человек скорее:'),
       (7, 7, N'Как по-Вашему, что хуже;'),
       (8, 8, N'Вы более подвержены влиянию:'),
       (9, 9, N'Вы более склонны:'),
       (10, 10, N'Вы предпочитаете работать:'),
       (11, 11, N'Вы склонны делать выбор:'),
       (12, 12, N'В компании (на вечеринке) Вы:'),
       (13, 13, N'Вас более привлекают:'),
       (14, 14, N'Вам интереснее:'),
       (15, 15, N'Оценивая поступки людей, Вы больше учитываете:'),
       (16, 16, N'Обращаясь к другим, Вы склонны:'),
       (17, 17, N'Вы человек скорее:'),
       (18, 18, N'Вас больше беспокоит необходимость:'),
       (19, 19, N'В кругу знакомых Вы, как правило:'),
       (20, 20, N'Повседневные дела Вам нравится делать:'),
       (21, 21, N'Вы предпочитаете таких писателей, которые:'),
       (22, 22, N'Что Вас больше привлекает:'),
       (23, 23, N'Вы чувствуете себя увереннее:'),
       (24, 24, N'Вы предпочитаете, когда дела:'),
       (25, 25, N'Как по-Вашему, Вы человек скорее:'),
       (26, 26, N'При телефонных разговорах Вы:'),
       (27, 27, N'Как Вы считаете, факты:'),
       (28, 28, N'Фантазёры, мечтатели обычно:'),
       (29, 29, N'Вы чаще действуете как человек:'),
       (30, 30, N'Как по-Вашему, хуже быть:'),
       (31, 31, N'Обычно Вы предпочитаете действовать:'),
       (32, 32, N'Вам приятнее:'),
       (33, 33, N'В компании Вы, как правило:'),
       (34, 34, N'Здравый смысл:'),
       (35, 35, N'Детям часто не хватает:'),
       (36, 36, N'В принятии решений Вы руководствуетесь скорее:'),
       (37, 37, N'Вы человек скорее:'),
       (38, 38, N'Что, по-Вашему, больше впечатляет:'),
       (39, 39, N'Вы больше всего цените:')

INSERT INTO Answer (answer_id, answer_text, answer_result, answer_text_result)
VALUES (1, N'Нужно отвлечься! Позвоню друзьям и позову их куда-нибудь, вместе горести переживать веселее.', 1, 'E'),
       (2, N'Побуду наедине с собой: включу любимый сериал, наготовлю вкусняшек или придумаю ещё какое-нибудь приятное занятие.', 0, 'I'),
       (3, N'Предпочитаю жить настоящим: для меня важно то, что происходит здесь и сейчас. Меня отличает практичность и внимание к деталям.', 1, 'S'),
       (4, N'Частенько витаю в облаках: люблю мечтать и строить великие планы на будущее. Иногда настолько ухожу в себя, что не замечаю ничего вокруг.', 0, 'N'),
       (5, N'Порыскаю в интернете, посоветуюсь со знающими людьми, рассчитаю примерный бюджет на переезд. Тщательно взвешу все за и против, потом приму решение.', 1, 'T'),
       (6, N'Сделаю так, как велит мне сердце. Интуиция меня никогда не подводила.', 0, 'F'),
       (7, N'Билеты уже куплены, страховка оформлена, план по покорению достопримечательностей составлен. Люблю ко всему готовиться заранее.', 1, 'J'),
       (8, N'Спонтанность — моё второе имя. За пару часов до полёта закину в чемодан всё необходимое, а о достопримечательностях поспрашиваю у местных.', 0, 'P'),
       (9, N'Общаетесь со многими, включая и незнакомцев;', 1, 'A'),
       (10, N'Общаетесь с немногими - Вашими знакомыми.', 0, 'B'),
       (11, N'Реалистичный, чем склонный теоретизировать;', 1, 'A'),
       (12, N'Склонный теоретизировать, чем реалистичный.', 0, 'B'),
       (13, N'«витать в облаках»;', 1, 'A'),
       (14, N'придерживаться «проторенной дорожки».', 0, 'B'),
       (15, N'принципов, законов;', 1, 'A'),
       (16, N'эмоций, чувств.', 0, 'B'),
       (17, N'убеждать;', 1, 'A'),
       (18, N'затрагивать чувства.', 0, 'B'),
       (19, N'выполняя все точно в срок;', 1, 'A'),
       (20, N'не связывая себя определенными сроками.', 0, 'B'),
       (21, N'довольно осторожно;', 1, 'A'),
       (22, N'внезапно, импульсивно.', 0, 'B'),
       (23, N'остаетесь допоздна, не чувствуя усталости;', 1, 'A'),
       (24, N'быстро утомляетесь и предпочитаете пораньше уйти.', 0, 'B'),
       (25, N'здравомыслящие люди;', 1, 'A'),
       (26, N'люди с богатым воображением.', 0, 'B'),
       (27, N'то, что происходит в действительности;', 1, 'A'),
       (28, N'те события, которые могут произойти.', 0, 'B'),
       (29, N'требования закона, чем обстоятельства;', 1, 'A'),
       (30, N'обстоятельства, чем требования закона.', 0, 'B'),
       (31, N'соблюдать формальности, этикет;', 1, 'A'),
       (32, N'проявлять личные, индивидуальные качества.', 0, 'B'),
       (33, N'точный, пунктуальный;', 1, 'A'),
       (34, N'неторопливый, медлительный.', 0, 'B'),
       (35, N'оставлять дела незаконченными;', 1, 'A'),
       (36, N'непременно доводить дела до конца.', 0, 'B'),
       (37, N'в курсе происходящих там событий;', 1, 'A'),
       (38, N'узнаете о новостях с опозданием.', 0, 'B'),
       (39, N'общепринятым способом;', 1, 'A'),
       (40, N'своим оригинальным способом.', 0, 'B'),
       (41, N'выражаются буквально, напрямую;', 1, 'A'),
       (42, N'пользуются аналогиями, иносказаниями.', 0, 'B'),
       (43, N'стройность мысли;', 1, 'A'),
       (44, N'гармония человеческих отношений.', 0, 'B'),
       (45, N'в логических умозаключениях;', 1, 'A'),
       (46, N'в практических оценках ситуаций.', 0, 'B'),
       (47, N'решены и устроены;', 1, 'A'),
       (48, N'не решены и пока не улажены.', 0, 'B'),
       (49, N'серьёзный, определенный;', 1, 'A'),
       (50, N'беззаботный, беспечный.', 0, 'B'),
       (51, N'заранее не продумываете все, что нужно сказать;', 1, 'A'),
       (52, N'мысленно «репетируете» то, что будет сказано.', 0, 'B'),
       (53, N'важны сами по себе;', 1, 'A'),
       (54, N'есть проявления общих закономерностей.', 0, 'B'),
       (55, N'раздражают Вас;', 1, 'A'),
       (56, N'довольно симпатичны Вам.', 0, 'B'),
       (57, N'хладнокровный;', 1, 'A'),
       (58, N'вспыльчивый, горячий.', 0, 'B'),
       (59, N'несправедливым;', 1, 'A'),
       (60, N'беспощадным.', 0, 'B'),
       (61, N'тщательно, оценив все возможности;', 1, 'A'),
       (62, N'полагаясь на волю случая.', 0, 'B'),
       (63, N'покупать что-либо;', 1, 'A'),
       (64, N'иметь возможность купить.', 0, 'B'),
       (65, N'первым заводите беседу;', 1, 'A'),
       (66, N'ждете, когда с Вами заговорят.', 0, 'B'),
       (67, N'редко ошибается;  ', 1, 'A'),
       (68, N'часто попадает впросак.', 0, 'B'),
       (69, N'практичности;', 1, 'A'),
       (70, N'воображения.', 0, 'B'),
       (71, N'принятыми нормами;', 1, 'A'),
       (72, N'своими чувствами, ощущениями.', 0, 'B'),
       (73, N'твердый, чем мягкий;', 1, 'A'),
       (74, N'мягкий, чем твердый.', 0, 'B'),
       (75, N'умение методично организовать;', 1, 'A'),
       (76, N'умение приспособиться и довольствоваться достигнутым.', 0, 'B'),
       (77, N'определенность, законченность;', 1, 'A'),
       (78, N'открытость, многовариантность.', 0, 'B')

INSERT INTO Question_Answer (id, question_id, answer_id)
VALUES (1, 1, 1),
       (2, 1, 2),
       (3, 2, 3),
       (4, 2, 4),
       (5, 3, 5),
       (6, 3, 6),
       (7, 4, 7),
       (8, 4, 8),
       (9, 5, 9),
       (10, 5, 10),
       (11, 6, 11),
       (12, 6, 12),
       (13, 7, 13),
       (14, 7, 14),
       (15, 8, 15),
       (16, 8, 16),
       (17, 9, 17),
       (18, 9, 18),
       (19, 10, 19),
       (20, 10, 20),
       (21, 11, 21),
       (22, 11, 22),
       (23, 12, 23),
       (24, 12, 24),
       (25, 13, 25),
       (26, 13, 26),
       (27, 14, 27),
       (28, 14, 28),
       (29, 15, 29),
       (30, 15, 30),
       (31, 16, 31),
       (32, 16, 32),
       (33, 17, 33),
       (34, 17, 34),
       (35, 18, 35),
       (36, 18, 36),
       (37, 19, 37),
       (38, 19, 38),
       (39, 20, 39),
       (40, 20, 40),
       (41, 21, 41),
       (42, 21, 42),
       (43, 22, 43),
       (44, 22, 44),
       (45, 23, 45),
       (46, 23, 46),
       (47, 24, 47),
       (48, 24, 48),
       (49, 25, 49),
       (50, 25, 50),
       (51, 26, 51),
       (52, 26, 52),
       (53, 27, 53),
       (54, 27, 54),
       (55, 28, 55),
       (56, 28, 56),
       (57, 29, 57),
       (58, 29, 58),
       (59, 30, 59),
       (60, 30, 60),
       (61, 31, 61),
       (62, 31, 62),
       (63, 32, 63),
       (64, 32, 64),
       (65, 33, 65),
       (66, 33, 66),
       (67, 34, 67),
       (68, 34, 68),
       (69, 35, 69),
       (70, 35, 70),
       (71, 36, 71),
       (72, 36, 72),
       (73, 37, 73),
       (74, 37, 74),
       (75, 38, 75),
       (76, 38, 76),
       (77, 39, 77),
       (78, 39, 78)

INSERT INTO Test_Question (id, test_id, question_id)
VALUES (1, 1, 1),
       (2, 1, 2),
       (3, 1, 3),
       (4, 1, 4),
       (5, 2, 5),
       (6, 2, 6),
       (7, 2, 7),
       (8, 2, 8),
       (9, 2, 9),
       (10, 2, 10),
       (11, 2, 11),
       (12, 2, 12),
       (13, 2, 13),
       (14, 2, 14),
       (15, 2, 15),
       (16, 2, 16),
       (17, 2, 17),
       (18, 2, 18),
       (19, 2, 19),
       (20, 2, 20),
       (21, 2, 21),
       (22, 2, 22),
       (23, 2, 23),
       (24, 2, 24),
       (25, 2, 25),
       (26, 2, 26),
       (27, 2, 27),
       (28, 2, 28),
       (29, 2, 29),
       (30, 2, 30),
       (31, 2, 31),
       (32, 2, 32),
       (33, 2, 33),
       (34, 2, 34),
       (35, 2, 35),
       (36, 2, 36),
       (37, 2, 37),
       (38, 2, 38),
       (39, 2, 39)

INSERT INTO Personality (personality_title, personality_description, personality_link)
VALUES ('ISTJ', N'ISTJ — это внимательные и вдумчивые личности. Они наблюдательны, изучают ситуацию в деталях и нюансах. Действуют четко и аккуратно. За стремление к совершенству и способность сосредотачиваться на конкретных фактах и данных их часто называют Инспекторами. Настоящие консерваторы, они преданно придерживаются традиций и верны чувству долга. Инспекторы практичны, серьезны, организованы, методичны и верят, что любой результат достигается целенаправленным усилием. Они работают шаг за шагом, постепенно улучшая свой процесс деятельности.', 'https://my-type.ru/istj'),
       ('ISTP',N'Люди типа ISTP — это Мастера своего дела, которые стремятся к познанию того, как устроен материальный мир. Они ориентированы на практическое решение задач и на физический контакт с внешним миром. ISTP используют логическое мышление и глубоко погружаются в детали. Работая физически со своей средой, они имеют непосредственное понимание того, как все работает, и как лучше достичь поставленных целей. Их называет Мастерами, потому что они хорошо справляются со своим делом и любят работать руками. Люди с этим типом личности ценят практические увлечения, такие как ремесло или обработка дерева, столярное дело, архитектура и так далее.','https://my-type.ru/istp'),
       ('ESTP',N'Люди типа ESTP — это искатели острых ощущений, способные эффективно действовать в экстремальных ситуациях. Они динамичные, энергичные, активные и предприимчивые, любят жить и решать дела. Часто их называют Предпринимателями за способность легко ориентироваться в окружающей обстановке и быстро принимать обоснованные решения. Предприниматели постоянно находятся в поиске приключений, где они могут проявить себя.','https://my-type.ru/estp'),
       ('ESTJ',N'ESTJ — практичные, инициативные, высокоорганизованные и целеустремленные люди, которые имеют твердые жизненные убеждения и стараются жить согласно своим высоким стандартам. Они избирают активную деятельность, направленную на взаимодействие с людьми. Ценят традиции, порядок и стабильность. Люди с этим типом личности обычно преуспевает в организации и управлении людьми и часто занимают руководящие должности. Требовательные к себе, они столь же критично относятся и к другим. В первую очередь они ориентированы на выполнение задачи, поэтому не всегда достаточно осторожно обходятся с чувствами других и даже могут показаться агрессивными.','https://my-type.ru/estj'),
       ('ISFP',N'Люди типа ISFP — тонкие, эмоциональные и чувствительные натуры, зачастую обладающие художественным восприятием и развитым вкусом. За их тонкое восприятие действительности их часто называют Художниками. Художникам нравится поддерживать теплые отношения с людьми. Они не конфликтны и способны понять чувства другого человека. Часто они скромны и недооценивают себя. Им бывает трудно выражать свои мысли и особенно сложно жестко отстаивать свои права и интересы. Художники любят, когда окружающие тактичны и проявляют свои эмоции деликатно. Грубым словом Художников легко задеть или обидеть.','https://my-type.ru/isfp'),
       ('ISFJ',N'Хранители — традиционные и последовательные. Они свято чтут традиции и поддерживают отношения, заботятся об окружающих людях. Хранители — преданные друзья, внимательные и неконфликтные. Они ориентированы на реальную помощь другим людям — всегда постараются дать дельный совет. Верят в лучшее в людях, ценят гармонию и добрые отношения.','https://my-type.ru/isfj'),
       ('ESFP',N'ESFP практичные, оптимистичные и независимые люди. Они любят спонтанность, разнообразие, легко загораются новыми идеями, любят и умеют придумывать интересные развлечения и часто воодушевляют этим окружающих. За веселый нрав их можно назвать Душой компании.','https://my-type.ru/esfp'),
       ('ESFJ',N'ESFJ — надежные и ответственные. Их деятельность направлена на удовлетворение интересов окружающих. Люди являются для них приоритетом. Люди данного типа личности часто берут на себя заботу о подрастающем поколении и об окружающих, поэтому их называют Учителями. Они обладают организационным талантом и умением располагать к себе людей.','https://my-type.ru/esfj'),
       ('INTP',N'Людей типа INTP за их хорошо развитое воображение и ассоциативное мышление часто называют Инноваторами. Большую часть времени они погружены в свой внутренний мир, где их ум беспрерывно анализирует сложные проблемы, выявляет закономерности и придумывает логическое объяснение всему, что происходит во внешнем мире. Они верят, что все, что они видят, можно проанализировать и улучшить, объединив в закономерности и создав сложные системы. Для INTP мир существует лишь для того, чтобы быть проанализированным.','https://my-type.ru/intp'),
       ('INTJ',N'Люди типа INTJ — проницательные, рациональные и целеустремленные. Смотрят на мир с разных точек зрения, постоянно анализируют его и стремятся к совершенству систем и процессов, внедряя инновационные идеи. Часто их называют Аналитиками за способность воспринимать ситуацию глобально, понимать взаимосвязи событий и предвидеть решения, используя анализ и логику.','https://my-type.ru/intj'),
       ('ENTP',N'Люди типа ENTP — страстные инноваторы, которые всегда находятся в поиске новых интеллектуальных решений сложных задач и обдумывании творческих идей. Как настоящие изобретатели они обладают пытливым умом и высоким интеллектом, стремятся понять окружающие системы и принципы. Они привносят в мир свой нетрадиционный подход и анализ, а также системное воздействие на вещи. Изобретатели ENTP очень заразительные, активные и энергичные. Людям нравятся их причудливые идеи. Они остроумные и часто кажутся эксцентричными. Это визионеры, которые преобразуют мир благодаря своей изобретательности и способности видеть картину целиком. Логика и интуиция удачно сочетаются в них с природным обаянием и шармом.','https://my-type.ru/entp'),
       ('ENTJ',N'Люди типа ENTJ — прирожденные лидеры, способные вести за собой и вдохновлять на достижение единой цели. Истинные Полководцы — смелые, ответственные, активные и не отступают перед трудностями. Непростая задача и сложная цель — их естественный выбор. Полководцы четко видят будущее и стремятся реализовывать процессы максимально эффективно. К каждой ситуации люди с этим типом личностиподходят с точки зрения продуктивности. Всегда замечают, что можно улучшить, стремятся оптимизировать работу процессов и воплотить свое видение.','https://my-type.ru/entj'),
       ('ENFJ',N'Люди типа ENFJ способны видеть потенциал в других и стремятся, чтобы каждый человек задействовал свои сильные стороны. Они прекрасные учителя и менторы, которые помогают другим расти и развиваться. Поэтому их часто называют Наставниками.','https://my-type.ru/enfj'),
       ('INFJ',N'Люди типа INFJ — чуткие и проницательные. Сильная интуиция и уникальная способность предвидеть события, понимать чувства и мотивацию других людей способствуют тому, что их часто называют Провидцами. Общаясь с человеком, они могут рассказать о нем больше, чем он сам о себе знает. Иногда они говорят об определенных событиях в будущем, хотя в настоящем еще никто не видит никаких предпосылок. Провидцам важно научиться доверять своей интуиции.','https://my-type.ru/infj'),
       ('ENFP',N'Люди типа ENFP — добрые, отзывчивые, ориентированные на гармонию и взаимоотношения с другими. Поэтому их часто называют Коммуникаторами. Легкие в общении, не склонные сетовать на жизнь и впадать в депрессию Коммуникаторы всегда открыты, любят говорить о людях и делиться планами. С удовольствием обсуждают собственные смелые идеи и фантазии. ENFP вдохновляет то, что они могут многого достичь в жизни, взаимодействуя с другими и следуя своей творческой интуиции.','https://my-type.ru/enfp'),
       ('INFP',N'Люди типа INFP стремятся к гармонии во всех сферах жизни, поэтому их часто называют Идеалистами. Это творческие личности, которые в принятии решений руководствуются своими ценностями и убеждениями. Реальность рассматривают не как возможность наслаждаться жизнью здесь и сейчас, а как потенциал для создания лучшего будущего. Идеалисты постоянно находятся в поиске истины, и ищут ее самостоятельно, придерживаясь индивидуального стиля.','https://my-type.ru/infp')

INSERT INTO Modal_Type (modal_type_name)
VALUES (N'Без пиктограммы'),
       (N'С контекстно непривязанной пиктограммой'),
       (N'С контекстно привязанной пиктограммой')